{"last_N":12,"eigenvalues":[[1.0,3.3492069750957648e-16],[1.0000000000000004,0.38365173119055124],[0.9999999999999987,0.5674552819670575],[0.9999999999999999,0.6722386200920624],[0.9999999999999997,0.7384874441000618],[0.9999999999999997,0.7834832523194122],[1.0000000000000002,0.8157447357335212],[0.9999999999999994,0.8398751763036426],[1.0000000000000002,0.8585412506027282],[1.0000000000000002,0.8733781793859106],[0.9999999999999993,0.8854374290740176]],"spectral_gaps":[0.9999999999999997,0.6163482688094488,0.4325447180329425,0.32776137990793763,0.26151255589993816,0.21651674768058782,0.18425526426647876,0.1601248236963574,0.14145874939727177,0.12662182061408944,0.11456257092598243],"computation_times":[0.6197868750000001,0.40264862500000004,0.016524375,0.042923333,0.028770292000000003,0.081782667,0.24875991700000002,1.046413792,4.316346292,18.982582,82.62121025]}