{"last_N":14,"eigenvalues":[[1.0,3.3492069750957648e-16],[1.0000000000000004,0.38365173119055124],[0.9999999999999987,0.5674552819670575],[0.9999999999999999,0.6722386200920624],[0.9999999999999997,0.7384874441000618],[0.9999999999999997,0.7834832523194122],[1.0000000000000002,0.8157447357335212],[0.9999999999999994,0.8398751763036426],[1.0000000000000002,0.8585412506027282],[1.0000000000000002,0.8733781793859106],[0.9999999999999993,0.8854374290740176],[0.999999999999998,0.8954226494126856],[0.9999999999999997,0.9038209468383472]],"spectral_gaps":[0.9999999999999997,0.6163482688094488,0.4325447180329425,0.32776137990793763,0.26151255589993816,0.21651674768058782,0.18425526426647876,0.1601248236963574,0.14145874939727177,0.12662182061408944,0.11456257092598243,0.10457735058731443,0.09617905316165276],"computation_times":[0.7393128330000001,0.41696625000000004,0.015854042000000002,0.040114625,0.019781042000000002,0.030085084,0.05179725,0.06268741600000001,0.15014525,0.416625,1.0793692910000001,3.958932959,16.565244875]}